{
  "best_model": "Random Forest",
  "best_accuracy": 0.9267123287671233,
  "model_scores": {
    "Random Forest": {
      "train_accuracy": 0.9981151473612063,
      "test_accuracy": 0.9267123287671233,
      "cv_mean": 0.9336872771338566,
      "cv_std": 0.003439532173301908
    },
    "SVM": {
      "train_accuracy": 0.9432830705962988,
      "test_accuracy": 0.9164383561643835,
      "cv_mean": 0.929231495449986,
      "cv_std": 0.005647273087056842
    },
    "Logistic Regression": {
      "train_accuracy": 0.8283070596298835,
      "test_accuracy": 0.8027397260273973,
      "cv_mean": 0.8169978449851211,
      "cv_std": 0.010712474458166029
    }
  },
  "dataset_info": {
    "total_samples": 7296,
    "features_per_sample": 80,
    "files_processed": 60,
    "sampling_rate": 160.0,
    "file_names": [
      "S001R12.edf",
      "S001R04.edf",
      "S001R08.edf",
      "S001R10.edf",
      "S001R06.edf",
      "S001R14.edf",
      "S002R04.edf",
      "S002R08.edf",
      "S002R06.edf",
      "S002R12.edf",
      "S002R14.edf",
      "S002R10.edf",
      "S003R04.edf",
      "S003R06.edf",
      "S003R14.edf",
      "S003R08.edf",
      "S003R10.edf",
      "S003R12.edf",
      "S004R04.edf",
      "S004R06.edf",
      "S004R08.edf",
      "S004R10.edf",
      "S004R12.edf",
      "S004R14.edf",
      "S005R04.edf",
      "S005R06.edf",
      "S005R10.edf",
      "S005R12.edf",
      "S005R08.edf",
      "S005R14.edf",
      "S006R04.edf",
      "S006R06.edf",
      "S006R08.edf",
      "S006R10.edf",
      "S006R12.edf",
      "S006R14.edf",
      "S007R04.edf",
      "S007R08.edf",
      "S007R10.edf",
      "S007R06.edf",
      "S007R12.edf",
      "S007R14.edf",
      "S008R04.edf",
      "S008R08.edf",
      "S008R06.edf",
      "S008R10.edf",
      "S008R12.edf",
      "S008R14.edf",
      "S009R04.edf",
      "S009R06.edf",
      "S009R10.edf",
      "S009R08.edf",
      "S009R14.edf",
      "S010R04.edf",
      "S009R12.edf",
      "S010R06.edf",
      "S010R08.edf",
      "S010R14.edf",
      "S010R12.edf",
      "S010R10.edf"
    ]
  },
  "feature_shape": 80,
  "num_classes": 3,
  "class_names": [
    "Rest",
    "Left Movement",
    "Right Movement"
  ],
  "training_samples": 5836,
  "test_samples": 1460,
  "label_distribution": {
    "rest": 4635,
    "left": 1452,
    "right": 1209
  },
  "training_date": "2025-06-11T22:31:12.919152"
}